City_ID,City,Lat,Lng,Max Temp,Humidity,Cloudiness,Wind Speed,Country,Date
0,adamstown,-25.066,-130.1015,22.85,85,100,7.76,PN,1699922950
1,bethel,41.3712,-73.414,6.08,75,75,1.54,US,1699922904
2,blackmans bay,-43.0167,147.3167,17.51,42,23,5.28,AU,1699922950
3,touros,-5.1989,-35.4608,26.68,79,94,5.27,BR,1699922951
4,anadyr,64.75,177.4833,-11.72,72,13,10.0,RU,1699922951
5,puerto natales,-51.7236,-72.4875,1.06,85,87,3.51,CL,1699922951
6,gadzhiyevo,69.2551,33.3362,-8.77,96,87,1.01,RU,1699922951
7,turkmenbasy,40.0222,52.9552,12.43,94,100,0.0,TM,1699922951
8,ust-nera,64.5667,143.2,-28.83,97,59,2.16,RU,1699922951
9,atafu village,-8.5421,-172.5159,28.29,81,100,5.58,TK,1699922951
10,antofagasta,-23.65,-70.4,16.6,71,42,2.72,CL,1699922885
11,kudahuvadhoo,2.6708,72.8944,27.38,74,97,1.78,MV,1699922952
12,port-aux-francais,-49.35,70.2167,6.69,97,100,16.34,TF,1699922663
13,whitehorse,60.7161,-135.0538,-4.43,85,100,7.72,CA,1699922730
14,masterton,-40.9597,175.6575,17.71,44,100,6.52,NZ,1699922952
15,waitangi,-43.9535,-176.5597,13.21,88,1,9.08,NZ,1699922664
16,grytviken,-54.2811,-36.5092,2.29,98,100,3.44,GS,1699922665
17,avarua,-21.2078,-159.775,24.03,60,75,4.63,CK,1699922689
18,tiksi,71.6872,128.8694,-15.17,93,100,2.61,RU,1699922953
19,longyearbyen,78.2186,15.6401,-10.09,85,100,4.12,SJ,1699922953
20,peniche,39.3558,-9.3811,16.36,90,100,2.44,PT,1699922953
21,nar'yan-mar,67.6713,53.087,-11.05,88,100,4.02,RU,1699922953
22,port elizabeth,-33.918,25.5701,17.16,86,100,5.14,ZA,1699922953
23,ghat,24.9647,10.1728,18.21,40,0,2.19,LY,1699922954
24,sansanne-mango,10.3592,0.4708,25.98,27,5,1.74,TG,1699922954
25,hamina,60.5697,27.1979,-0.38,91,96,4.28,FI,1699922954
26,nemuro,43.3236,145.575,4.75,58,14,8.24,JP,1699922699
27,remire-montjoly,4.9167,-52.2667,26.02,89,0,1.54,GF,1699922954
28,qaqortoq,60.7167,-46.0333,-5.14,93,100,1.62,GL,1699922672
29,kota belud,6.351,116.4305,28.62,71,62,0.93,MY,1699922954
30,college,64.8569,-147.8028,-2.03,91,100,2.57,US,1699922955
31,guerrero negro,27.9769,-114.0611,20.89,54,100,4.59,MX,1699922779
32,codrington,-38.2667,141.9667,15.67,62,100,4.18,AU,1699922695
33,sechura,-5.5569,-80.8222,21.23,77,12,7.8,PE,1699922955
34,topeka,39.0483,-95.678,14.56,40,0,0.0,US,1699922275
35,cockburn town,21.4612,-71.1419,28.13,76,16,8.32,TC,1699922957
36,edinburgh of the seven seas,-37.0676,-12.3116,13.62,77,8,11.32,SH,1699922957
37,smara,26.7384,-11.6719,24.42,21,5,3.25,EH,1699922957
38,wailua homesteads,22.0669,-159.378,29.24,83,100,6.17,US,1699922692
39,ilulissat,69.2167,-51.1,-3.99,63,75,7.2,GL,1699922958
40,prieska,-29.6641,22.7474,18.0,36,2,7.39,ZA,1699922958
41,iqaluit,63.7506,-68.5145,-17.95,64,0,2.57,CA,1699922958
42,happy valley-goose bay,53.3168,-60.3315,-3.83,74,40,5.66,CA,1699922959
43,isafjordur,66.0755,-23.124,1.61,86,57,2.89,IS,1699922959
44,duekoue,6.7472,-7.3496,22.6,93,32,0.25,CI,1699922959
45,utrik,11.2278,169.8474,28.16,81,100,7.99,MH,1699922959
46,greymouth,-42.4667,171.2,13.71,97,100,4.37,NZ,1699922724
47,crane,31.3974,-102.3501,11.2,83,100,3.49,US,1699922959
48,bikenibeu village,1.3673,173.1241,30.98,79,75,4.12,KI,1699922960
49,port shepstone,-30.7414,30.455,17.69,73,100,5.81,ZA,1699922960
50,isangel,-19.55,169.2667,26.06,69,75,3.09,VU,1699922960
51,kuqa,41.7278,82.9364,2.64,26,5,1.44,CN,1699922960
52,martuk,50.7475,56.5056,5.11,71,100,6.73,KZ,1699922960
53,iskateley,67.6803,53.1512,-11.1,88,100,4.02,RU,1699922961
54,hawaiian paradise park,19.5933,-154.9731,27.73,69,40,3.6,US,1699922961
55,xiaoshi,41.2971,124.1209,2.03,51,95,0.54,CN,1699922961
56,al muwayh,22.4333,41.7583,23.48,36,92,4.44,SA,1699922961
57,tambacounda,13.7539,-13.7586,22.03,68,0,1.03,SN,1699922962
58,west island,-12.1568,96.8225,26.99,78,75,4.12,CC,1699922962
59,souillac,-20.5167,57.5167,22.21,94,75,1.54,MU,1699922962
60,ushuaia,-54.8,-68.3,2.81,75,40,8.75,AR,1699922888
61,nova sintra,14.8667,-24.7167,23.72,72,100,5.32,CV,1699922962
62,luderitz,-26.6481,15.1594,15.28,81,0,1.94,NA,1699922684
63,yatou,37.15,122.3833,6.54,47,100,3.3,CN,1699922963
64,ribeira grande,38.5167,-28.7,15.99,90,100,1.34,PT,1699922963
65,yuzhno-kurilsk,44.0306,145.8556,2.43,80,77,10.27,RU,1699922963
66,invercargill,-46.4,168.35,14.99,55,74,4.96,NZ,1699922963
67,katsuura,35.1333,140.3,13.9,42,0,0.47,JP,1699922963
68,keflavik,64.0049,-22.5624,7.24,65,0,7.72,IS,1699922694
69,puerto ayora,-0.7393,-90.3518,23.64,97,100,1.34,EC,1699922964
70,yellowknife,62.456,-114.3525,-6.71,86,100,2.06,CA,1699922964
71,general conesa,-40.1,-64.4333,19.54,21,9,10.43,AR,1699922965
72,nova vicosa,-17.8919,-39.3719,24.84,81,83,7.37,BR,1699922904
73,san antonio de pale,-1.4014,5.6325,26.17,81,31,3.48,GQ,1699922965
74,kununurra,-15.7667,128.7333,31.99,66,99,1.03,AU,1699922965
75,badger,64.8,-147.5333,-2.07,93,100,2.57,US,1699922965
76,terenozek,45.05,64.9833,3.54,70,86,5.96,KZ,1699922966
77,bilibino,68.0546,166.4372,-27.84,100,100,1.88,RU,1699922966
78,sambava,-14.2667,50.1667,22.75,88,17,2.04,MG,1699922966
79,jabat,7.75,168.9751,27.33,83,100,5.42,MH,1699922966
80,kristiansund,63.1115,7.732,0.36,69,100,2.57,NO,1699922966
81,brisas de zicatela,15.8369,-97.0419,29.29,58,40,1.54,MX,1699922966
82,nurota,40.5614,65.6886,6.94,35,35,1.5,UZ,1699922967
83,somerset,40.5668,-74.5496,8.92,72,0,0.45,US,1699922701
84,jayapura,-2.5333,140.7,29.66,71,97,1.09,ID,1699922967
85,zhalantun,48.0,122.7167,-7.16,78,8,1.78,CN,1699922967
86,uturoa,-16.7333,-151.4333,26.95,83,61,6.91,PF,1699922967
87,scarborough,54.2797,-0.4044,10.92,84,64,3.13,GB,1699922745
88,malvan,16.0667,73.4667,25.25,58,95,1.92,IN,1699922968
89,kapa'a,22.0752,-159.319,29.99,84,100,6.17,US,1699922968
90,punta arenas,-53.15,-70.9167,3.06,70,20,8.23,CL,1699922718
91,sursk,53.0754,45.6846,5.25,87,100,5.17,RU,1699922968
92,constantia,44.1833,28.65,2.38,50,31,4.18,RO,1699922969
93,usinsk,65.9939,57.5281,-9.4,87,100,3.13,RU,1699922969
94,saint-louis,16.3333,-15.0,27.8,17,17,3.9,SN,1699922429
95,port hedland,-20.3167,118.5667,30.03,45,0,4.63,AU,1699922969
96,cannonvale,-20.2833,148.7,27.66,55,0,4.75,AU,1699922705
97,canutama,-6.5339,-64.3831,28.22,64,70,0.95,BR,1699922970
98,vilyuchinsk,52.9306,158.4028,-2.26,69,100,2.65,RU,1699922970
99,papatowai,-46.5619,169.4708,17.58,47,53,5.14,NZ,1699922970
100,akrehamn,59.2667,5.1833,5.79,48,20,5.66,NO,1699922970
101,new norfolk,-42.7826,147.0587,18.17,37,11,3.2,AU,1699922970
102,colonia,50.9333,6.95,12.68,76,20,7.72,DE,1699922726
103,enewetak,11.3474,162.3373,28.4,80,70,8.88,MH,1699922971
104,dalai,45.5,124.3,-5.58,81,5,2.86,CN,1699922971
105,itaueira,-7.6033,-43.0256,26.09,43,0,1.45,BR,1699922971
106,eirunepe,-6.6603,-69.8736,25.54,86,88,0.16,BR,1699922972
107,mekhe,15.1097,-16.6218,25.64,42,68,5.03,SN,1699922972
108,prado,-17.3411,-39.2208,24.62,82,23,6.43,BR,1699922830
109,shimoda,34.6667,138.95,16.2,69,87,0.74,JP,1699922972
110,jalai nur,49.45,117.7,-10.05,81,17,1.91,CN,1699922972
111,beyneu,45.3167,55.2,8.04,42,19,8.66,KZ,1699922973
112,prineville,44.2999,-120.8345,10.06,75,0,0.0,US,1699922756
113,humberto de campos,-2.5983,-43.4611,25.16,84,76,2.78,BR,1699922852
114,holualoa,19.6228,-155.9522,28.21,73,40,5.14,US,1699922973
115,hermanus,-34.4187,19.2345,15.64,77,11,9.8,ZA,1699922973
116,gazipasa,36.2694,32.3179,17.05,94,75,4.63,TR,1699922974
117,nan,18.8333,100.6667,21.01,100,100,1.03,TH,1699922974
118,fairfield,41.2668,-73.3162,6.16,76,75,1.54,US,1699922974
119,thompson,55.7435,-97.8558,-1.91,86,100,2.06,CA,1699922934
120,awjilah,29.1081,21.2869,18.58,85,0,3.75,LY,1699922974
121,hasaki,35.7333,140.8333,15.16,38,0,4.32,JP,1699922975
122,grande prairie,55.1667,-118.8027,-2.9,93,100,5.66,CA,1699922954
123,bayganin,48.6947,55.8742,5.34,73,100,8.07,KZ,1699922975
124,margaret river,-33.95,115.0667,17.11,75,100,5.28,AU,1699922975
125,east london,-33.0153,27.9116,15.94,73,99,2.85,ZA,1699922975
126,huanggang,23.677,116.9996,17.94,69,66,2.67,CN,1699922976
127,daru,-9.0763,143.2092,28.95,58,28,3.56,PG,1699922976
128,petropavlovsk-kamchatsky,53.0452,158.6483,-3.08,74,0,12.52,RU,1699922976
129,ocos,14.5094,-92.1933,28.7,78,93,1.42,GT,1699922976
130,conduaga,8.862,117.4893,29.17,72,100,1.33,PH,1699922976
131,camana,-16.6228,-72.7111,19.34,82,91,3.21,PE,1699922976
132,lebu,-37.6167,-73.65,10.1,87,53,3.15,CL,1699922977
133,concepcion del oro,24.6333,-101.4167,13.38,81,92,2.55,MX,1699922977
134,nuuk,64.1835,-51.7216,-3.66,86,100,6.17,GL,1699922977
135,kodiak,57.79,-152.4072,6.73,49,40,7.2,US,1699922899
136,vorgashor,67.5833,63.95,-14.16,90,100,3.41,RU,1699922977
137,natal,-5.795,-35.2094,27.12,78,20,4.12,BR,1699922942
138,nanga eboko,4.6833,12.3667,20.71,98,100,0.76,CM,1699922978
139,maumere,-8.6199,122.2111,30.14,64,6,1.01,ID,1699922829
140,cadale,2.7603,46.3222,27.63,75,100,1.75,SO,1699922978
141,st. john's,47.5649,-52.7093,0.54,82,75,3.6,CA,1699922977
142,margate,51.3813,1.3862,13.28,78,100,5.36,GB,1699922978
143,vadso,70.0744,29.7487,-7.91,86,88,6.17,NO,1699922978
144,inari,68.906,27.0288,-15.89,98,40,1.25,FI,1699922978
145,morehead city,34.7229,-76.726,12.77,81,0,0.0,US,1699922979
146,langxiang,46.95,128.8833,-5.35,77,25,1.33,CN,1699922979
147,hammerfest,70.6634,23.6821,-0.75,86,100,1.54,NO,1699922979
148,aripuana,-9.1667,-60.6333,22.72,92,71,1.44,BR,1699922979
149,jamestown,42.097,-79.2353,8.77,75,0,4.12,US,1699922979
150,malango,-2.9627,119.9001,27.04,53,26,0.99,ID,1699922980
151,vernon,50.2581,-119.2691,9.2,49,4,1.54,CA,1699922980
152,ain taya,36.7933,3.2869,11.91,76,20,0.51,DZ,1699922980
153,laoag,18.1989,120.5936,28.95,70,75,5.14,PH,1699922980
154,bereznik,62.8551,42.7072,0.32,98,100,1.53,RU,1699922981
155,fale old settlement,-9.3852,-171.2468,26.49,89,100,6.38,TK,1699922981
156,saipan,15.1355,145.701,31.39,70,20,7.72,MP,1699922981
157,araci,-11.3333,-38.9667,22.38,75,11,4.17,BR,1699922981
158,arraial do cabo,-22.9661,-42.0278,24.98,88,0,2.57,BR,1699922981
159,presidente medici,-11.1753,-61.9014,25.66,76,12,2.04,BR,1699922982
160,andergrove,-21.0833,149.1833,29.8,56,0,4.08,AU,1699922982
161,hithadhoo,-0.6,73.0833,27.05,81,70,3.87,MV,1699922982
162,bathsheba,13.2167,-59.5167,28.34,74,20,9.26,BB,1699922982
163,makinsk,52.6292,70.4169,1.47,89,100,5.12,KZ,1699922984
164,ames,42.0347,-93.6199,12.18,46,0,3.09,US,1699922910
165,budaun,28.05,79.1167,19.08,44,100,1.57,IN,1699922984
166,juneau,58.3019,-134.4197,3.0,90,100,5.14,US,1699922787
167,minas de marcona,-15.2119,-75.1103,14.48,87,67,5.82,PE,1699922984
168,kokopo,-4.352,152.2633,29.25,62,75,2.36,PG,1699922985
169,lokomotivnyy,53.0118,60.5684,4.11,82,100,8.05,RU,1699922985
170,udachny,66.4167,112.4,-5.86,85,100,3.85,RU,1699922985
171,doka,13.5167,35.7667,26.11,43,5,4.19,SD,1699922985
172,alofi,-19.0595,-169.9187,25.94,89,100,5.66,NU,1699922986
173,guiratinga,-16.3494,-53.7583,27.16,33,5,1.89,BR,1699922986
174,stanley,54.868,-1.6985,8.77,90,20,6.17,GB,1699922986
175,okha,53.5739,142.9478,-3.64,73,100,5.47,RU,1699922986
176,subusub,16.227,120.4947,28.17,66,100,1.33,PH,1699922986
177,bamboo flat,11.7,92.7167,26.05,89,100,3.6,IN,1699922986
178,dryden,49.7833,-92.7503,1.16,80,40,2.57,CA,1699922987
179,lompoc,34.6391,-120.4579,18.94,67,0,4.12,US,1699922987
180,westport,41.1415,-73.3579,7.11,77,12,0.45,US,1699922716
181,viedma,-40.8135,-62.9967,19.53,24,94,7.68,AR,1699922987
182,igarka,67.4667,86.5833,-15.33,90,86,7.64,RU,1699922987
183,egilsstadir,65.2653,-14.3948,1.95,87,75,4.63,IS,1699922988
184,ilhabela,-23.7781,-45.3581,25.2,88,48,0.91,BR,1699922903
185,nouadhibou,20.931,-17.0347,23.99,38,13,6.17,MR,1699922988
186,panjab,34.388,67.0233,-1.12,39,0,1.32,AF,1699922988
187,amos,48.5669,-78.1162,0.72,99,100,2.43,CA,1699922703
188,talnakh,69.4865,88.3972,-17.4,97,52,4.55,RU,1699922988
189,barcelos,41.5388,-8.6151,18.08,90,98,3.63,PT,1699922918
190,gillette,44.2911,-105.5022,15.51,15,0,10.29,US,1699922742
191,sampit,-2.5333,112.95,28.35,77,34,1.23,ID,1699922989
192,santa ana,33.7456,-117.8678,25.29,50,75,3.09,US,1699922884
193,polyarnyy,69.1989,33.4478,-8.84,96,86,0.86,RU,1699922989
194,hamilton,39.1834,-84.5333,11.08,50,0,2.06,US,1699922965
195,sitka,57.0531,-135.33,5.94,81,100,3.6,US,1699922925
196,olonkinbyen,70.9221,-8.7187,-1.67,70,99,2.65,SJ,1699922989
197,olawa,50.9466,17.2926,8.94,76,85,7.74,PL,1699922977
198,loikaw,19.6742,97.2094,19.49,95,100,0.3,MM,1699922989
199,tura,25.5198,90.2201,18.81,84,6,1.44,IN,1699922728
200,aksu,41.1231,80.2644,3.09,43,0,1.66,CN,1699922990
201,boise,43.6135,-116.2035,12.66,59,100,1.07,US,1699922955
202,tazovsky,67.4667,78.7,-20.04,98,19,2.7,RU,1699922695
203,kostomuksha,64.571,30.5767,-7.2,94,100,4.92,RU,1699922990
204,tshabong,-26.05,22.45,22.7,16,19,5.09,BW,1699922990
205,atar,20.5169,-13.0499,26.75,13,5,4.65,MR,1699922990
206,albany,42.6001,-73.9662,2.41,76,93,0.72,US,1699922969
207,cidreira,-30.1811,-50.2056,20.21,97,100,1.69,BR,1699922691
208,les sables-d'olonne,46.6667,-1.8333,15.44,83,100,7.7,FR,1699922991
209,cheria,35.2731,7.7519,8.12,62,0,0.59,DZ,1699922991
210,owando,-0.4819,15.8999,21.98,97,93,0.68,CG,1699922991
211,grand falls-windsor,48.9332,-55.6649,-2.93,88,41,1.94,CA,1699922991
212,palikir - national government center,6.9248,158.1611,31.41,70,100,2.57,FM,1699922991
213,bredasdorp,-34.5322,20.0403,14.81,81,9,7.13,ZA,1699922992
214,aban,56.67,96.06,-0.07,95,100,6.32,RU,1699922992
215,hilo,19.7297,-155.09,27.85,67,40,3.6,US,1699922992
216,tanaina,61.6269,-149.4281,-2.6,91,0,0.0,US,1699922992
217,ponta delgada,37.7333,-25.6667,17.4,88,40,6.69,PT,1699922992
218,solnechnyy,50.7214,136.6319,-14.43,72,9,1.05,RU,1699922992
219,ad-damazin,11.7891,34.3592,27.4,52,4,1.22,SD,1699922992
220,ribeira brava,32.65,-17.0667,21.35,78,9,1.0,PT,1699922992
221,primero de mayo,-32.2552,-58.4228,16.42,76,100,4.34,AR,1699922993
222,malaya vishera,58.8454,32.2222,0.95,97,100,3.03,RU,1699922993
223,as sulayyil,20.4607,45.5779,20.14,44,63,3.75,SA,1699922993
224,cabo san lucas,22.8909,-109.9124,29.17,62,0,2.06,MX,1699922687
225,ghadamis,30.1337,9.5007,17.82,45,0,3.73,LY,1699922993
226,igarape miri,-1.975,-48.9597,26.31,78,23,2.35,BR,1699922993
227,kavieng,-2.5744,150.7967,28.64,67,100,0.97,PG,1699922993
228,port mathurin,-19.6833,63.4167,24.05,94,20,0.0,MU,1699922994
229,tazacorte,28.629,-17.9293,23.97,38,0,4.63,ES,1699922702
230,gaiman,-43.2897,-65.4929,15.28,18,90,14.74,AR,1699922823
231,palu,-0.8917,119.8707,30.1,70,78,0.23,ID,1699922994
232,abra pampa,-22.7205,-65.697,15.02,15,0,7.91,AR,1699922994
233,magole,-6.3667,37.3667,22.8,92,87,0.94,TZ,1699922994
234,yanam,16.7333,82.2167,25.04,75,77,3.39,IN,1699922994
235,tabatinga,-4.2525,-69.9381,25.05,100,20,0.0,BR,1699922995
236,sanming,26.2486,117.6186,13.1,87,100,1.24,CN,1699922995
237,lae,-6.7221,146.9847,29.37,73,100,1.2,PG,1699922995
238,tolanaro,-25.0319,46.9987,22.04,88,40,2.06,MG,1699922995
239,belyy yar,53.6039,91.3903,-7.06,93,100,0.0,RU,1699922995
240,cape coast,5.1053,-1.2466,26.34,87,0,2.43,GH,1699922995
241,paita,-5.0892,-81.1144,20.6,83,10,7.91,PE,1699922996
242,northam,51.0333,-4.2167,12.92,91,100,11.18,GB,1699922996
243,andreapol',56.6513,32.2664,0.49,97,100,3.83,RU,1699922996
244,urzhar,47.093,81.6294,-0.06,78,19,1.43,KZ,1699922996
245,portland,45.5234,-122.6762,12.59,80,100,1.34,US,1699922577
246,kerikeri,-35.2268,173.9474,22.17,68,100,1.34,NZ,1699922996
247,blackfoot,43.1905,-112.345,12.45,31,100,1.85,US,1699922996
248,saint-philippe,-21.3585,55.7679,21.77,80,58,3.22,RE,1699922997
249,alice springs,-23.7,133.8833,32.75,15,4,3.6,AU,1699922997
250,achinsk,56.2694,90.4993,1.22,85,100,4.92,RU,1699922997
251,colares,38.7992,-9.4469,16.85,91,100,4.02,PT,1699922997
252,greenville,35.6127,-77.3663,8.01,94,0,0.0,US,1699922720
253,hami,42.8,93.45,2.54,30,99,3.89,CN,1699922796
254,vila velha,-20.3297,-40.2925,26.97,84,0,6.26,BR,1699922844
255,lorengau,-2.0226,147.2712,27.96,80,100,2.86,PG,1699922998
256,salinopolis,-0.6136,-47.3561,26.69,80,62,4.92,BR,1699922998
257,flying fish cove,-10.4217,105.6791,25.82,78,100,3.6,CX,1699922700
258,fort mcmurray,56.7268,-111.381,-3.23,86,100,2.57,CA,1699922754
259,kingston,17.997,-76.7936,28.53,80,20,7.72,JM,1699922998
260,vila franca do campo,37.7167,-25.4333,17.23,99,67,1.85,PT,1699922998
261,nagqu,31.5,92.0,-7.66,39,100,1.96,CN,1699922998
262,bardai,11.65,7.2333,21.64,23,100,3.25,NG,1699922840
263,vilyuysk,63.7553,121.6247,-14.89,97,100,2.15,RU,1699922954
264,kolonia,50.9333,6.95,12.68,76,20,7.72,DE,1699922726
265,mount isa,-20.7333,139.5,35.87,17,0,6.17,AU,1699922999
266,maroua,10.591,14.3159,27.09,44,98,0.48,CM,1699922999
267,quellon,-43.1167,-73.6167,4.84,78,84,3.58,CL,1699922999
268,santiago de cao,-7.9589,-79.2392,19.07,88,60,5.66,PE,1699922999
269,muntok,-2.0667,105.1833,28.48,74,66,2.32,ID,1699922999
270,holmestrand,59.4876,10.3176,-0.34,48,100,4.88,NO,1699923000
271,yeppoon,-23.1333,150.7333,28.88,54,0,5.66,AU,1699923000
272,mae chan,20.1467,99.8526,22.35,96,44,0.56,TH,1699923000
273,belogorsk,50.9158,128.4611,-8.81,77,29,1.6,RU,1699923000
274,sur,22.5667,59.5289,23.86,52,3,0.19,OM,1699923000
275,aykhal,66.0,111.5,-9.03,92,100,4.89,RU,1699923000
276,guaraniacu,-25.1008,-52.8781,20.78,94,100,1.19,BR,1699923001
277,ust'-ilimsk,58.0006,102.6619,-1.98,95,97,4.47,RU,1699923001
278,camocim,-2.9022,-40.8411,26.76,76,92,5.59,BR,1699923001
279,copala,16.65,-98.9833,26.98,81,24,3.24,MX,1699923001
280,lihue,21.9789,-159.3672,29.58,79,100,6.17,US,1699923002
281,senanga,-16.1167,23.2667,24.32,45,17,2.59,ZM,1699923002
282,cruzeiro do oeste,-23.785,-53.0733,25.2,75,3,2.78,BR,1699923002
283,altai,46.3722,96.2583,-8.45,95,100,2.02,MN,1699923003
284,afaahiti,-17.75,-149.2833,27.93,89,99,5.98,PF,1699923003
285,saint-pierre,-21.3393,55.4781,23.09,64,61,2.57,RE,1699923004
286,djamaa,33.5339,5.9931,16.02,57,0,0.7,DZ,1699923004
287,sao paulo de olivenca,-3.3783,-68.8725,23.68,97,28,0.67,BR,1699923004
288,bangassou,4.7413,22.8184,21.27,98,100,2.27,CF,1699923004
289,haiku-pauwela,20.9219,-156.3051,28.01,63,20,11.32,US,1699923005
290,baracoa,20.3467,-74.4958,26.45,86,21,3.94,CU,1699923005
291,luanda,-8.8368,13.2343,27.0,83,75,4.63,AO,1699923006
292,whakatane,-37.9585,176.9854,20.49,72,100,3.58,NZ,1699923006
293,pavlovsk,50.4578,40.1081,5.52,79,100,3.56,RU,1699923006
294,tippi,7.2,35.45,17.23,97,79,1.53,ET,1699923006
295,ulanhot,46.0833,122.0833,-1.26,45,7,1.9,CN,1699923007
296,klyuchi,52.2667,79.1667,3.16,92,99,4.15,RU,1699922743
297,poronaysk,49.2167,143.1167,-3.36,72,16,3.5,RU,1699923007
298,port alfred,-33.5906,26.891,13.99,94,94,5.23,ZA,1699923008
299,sheffield lake,41.4875,-82.1015,11.96,54,0,10.01,US,1699923008
300,kuanda,56.3161,116.0806,-14.15,83,45,0.53,RU,1699923008
301,chengde,40.9725,117.9361,0.24,34,7,1.64,CN,1699923008
302,georgetown,5.4112,100.3354,28.3,89,20,2.06,MY,1699922810
303,magnolia,33.2671,-93.2393,12.83,87,100,2.31,US,1699923009
304,tagab,34.855,69.6492,9.82,15,0,2.4,AF,1699923009
305,eureka,40.8021,-124.1637,15.37,89,100,0.42,US,1699923009
306,siguiri,11.6667,-9.5,22.4,16,77,1.16,GN,1699923009
307,port saint john's,-31.6229,29.5448,16.71,77,100,2.82,ZA,1699923010
308,qamdo,31.1667,97.2333,-4.48,50,64,1.88,CN,1699923010
309,weno,7.4515,151.8468,28.4,74,100,2.6,FM,1699923010
310,howard springs,-12.497,131.047,31.6,64,45,1.34,AU,1699923011
311,akureyri,65.6835,-18.0878,0.96,80,75,1.03,IS,1699923011
312,yemel'yanovo,56.1681,92.6767,1.45,93,40,4.0,RU,1699923011
313,marka,1.7159,44.7717,27.03,79,100,3.09,SO,1699922728
314,dudinka,69.4058,86.1778,-21.4,90,8,3.5,RU,1699923012
315,xining,36.6167,101.7667,0.31,53,0,0.87,CN,1699923012
316,grand forks,47.9417,-97.4337,7.04,64,0,5.66,US,1699922733
317,sittwe,20.15,92.9,24.89,84,100,2.39,MM,1699923012
318,selfoss,63.9331,-20.9971,6.69,71,100,7.98,IS,1699923012
319,porto novo,6.4965,2.6036,24.9,86,3,1.1,BJ,1699923012
320,puerto gaitan,4.3133,-72.0816,27.34,76,82,2.22,CO,1699923013
321,medenine,33.355,10.5055,17.83,68,0,2.37,TN,1699923013
322,mount gambier,-37.8333,140.7667,15.17,62,100,1.66,AU,1699923013
323,tsiombe,-25.3,45.4833,21.73,83,98,2.4,MG,1699923013
324,carnot,4.9409,15.8665,21.58,95,17,0.67,CF,1699923014
325,brewton,31.1052,-87.0722,14.59,92,100,3.08,US,1699923014
326,columbia,34.0007,-81.0348,11.8,80,0,1.54,US,1699922824
327,raduzhny,62.0961,77.475,-13.89,95,100,1.42,RU,1699923014
328,trelew,-43.249,-65.3051,16.53,18,100,13.36,AR,1699923014
329,bisert',56.8617,59.0523,2.44,97,100,5.09,RU,1699923014
330,acarau,-2.8856,-40.12,26.73,80,100,7.36,BR,1699923015
331,san martin,-33.081,-68.4681,20.3,27,0,2.96,AR,1699923015
332,kalmunai,7.4167,81.8167,25.07,89,70,1.73,LK,1699923015
333,lata,40.1629,-8.3327,15.51,94,100,0.61,PT,1699923015
334,muri,23.3667,85.8667,17.76,61,10,1.27,IN,1699923016
335,whitby,54.4877,-0.615,9.37,80,95,10.15,GB,1699922812
336,namie,37.4833,141.0,10.4,78,65,2.79,JP,1699923016
337,north platte,41.1239,-100.7654,14.51,33,0,4.02,US,1699923016
338,tofol,5.3248,163.0078,30.88,70,75,4.63,FM,1699923016
339,south sioux city,42.4739,-96.4136,13.97,30,0,4.63,US,1699923017
340,garoowe,8.4054,48.4845,24.36,75,100,4.42,SO,1699923017
341,kolpashevo,58.3131,82.9089,-6.05,92,16,3.13,RU,1699923017
342,barabai,-2.5833,115.3833,29.71,66,100,0.71,ID,1699923017
343,general pico,-35.6566,-63.7568,13.39,44,0,2.13,AR,1699923018
344,bloemhof,-27.6469,25.607,16.83,44,0,4.95,ZA,1699923018
345,i-n-salah,27.1935,2.4607,20.17,31,0,5.12,DZ,1699922942
346,buurhakaba,2.8026,44.0781,24.05,91,58,2.46,SO,1699923018
347,rabo de peixe,37.8,-25.5833,16.73,99,40,6.69,PT,1699923019
348,san patricio,28.017,-97.5169,17.69,91,100,5.33,US,1699923019
349,carnarvon,-24.8667,113.6333,21.41,68,100,2.97,AU,1699922975
350,dzuunmod,48.2199,97.3744,-10.29,87,100,0.67,MN,1699923020
351,papao,-17.75,-149.55,28.82,91,94,6.45,PF,1699923020
352,surskoye,54.4821,46.7214,6.16,78,100,5.05,RU,1699923020
353,hengchun,22.0042,120.7439,23.96,67,100,7.9,TW,1699923021
354,la'ie,21.6477,-157.9253,28.98,72,78,4.92,US,1699923021
355,beloyarskiy,63.7119,66.6722,-8.33,92,100,3.58,RU,1699923022
356,novaya igirma,57.1334,103.9112,-1.27,92,100,4.39,RU,1699923022
357,ipoh,4.5841,101.0829,29.0,94,20,1.03,MY,1699923022
358,sarina,-21.4333,149.2167,29.59,47,0,4.13,AU,1699923023
359,ocean shores,46.9737,-124.1563,10.53,82,2,3.16,US,1699923023
360,sinabang,2.4803,96.3801,24.14,93,100,1.31,ID,1699923023
361,kolno,53.4115,21.9291,3.91,74,100,3.84,PL,1699923024
362,ichinoseki,38.9167,141.1333,7.68,82,88,3.34,JP,1699923024
363,dickson,36.077,-87.3878,14.85,52,0,0.0,US,1699922844
364,forster,-32.1667,152.5167,22.99,69,29,5.79,AU,1699923024
365,laojunmiao,39.8333,97.7333,-1.78,38,74,2.03,CN,1699923025
366,buka,40.8108,69.1986,7.39,40,0,1.32,UZ,1699923025
367,tashtyp,52.7939,89.8983,0.22,88,100,4.58,RU,1699923025
368,bu'aale,1.0833,42.5833,24.23,93,99,1.76,SO,1699923025
369,gusev,54.5922,22.1997,3.41,92,100,3.29,RU,1699923025
370,yeniseysk,58.4497,92.1703,-4.45,88,67,4.12,RU,1699923026
371,port lincoln,-34.7333,135.8667,16.73,70,64,4.74,AU,1699922878
372,brooks,50.5834,-111.8851,10.79,52,100,8.23,CA,1699923026
373,quesnel,52.9999,-122.5029,2.28,93,100,1.54,CA,1699923027
374,gulma,12.6423,4.3555,23.89,13,59,4.33,NG,1699923027
375,fonte boa,-2.4959,-66.2662,26.01,76,26,0.37,BR,1699923027
376,bridgetown,13.1,-59.6167,28.27,74,20,9.26,BB,1699923027
377,santa cruz,-17.8,-63.1667,29.7,70,20,4.12,BO,1699923027
378,rongelap,11.1635,166.8941,28.14,82,100,7.51,MH,1699923028
379,lalibela,12.0333,39.0333,15.26,63,98,1.79,ET,1699923028
380,mufumbwe,-13.6833,24.8,17.66,92,63,1.48,ZM,1699923028
381,dunedin,-45.8742,170.5036,15.45,65,99,3.13,NZ,1699923028
382,blenheim,-41.516,173.9528,18.62,71,3,2.24,NZ,1699923029
383,tshikapa,-6.4167,20.8,20.29,95,100,0.43,CD,1699923029
384,ismailia,30.6043,32.2723,20.86,83,0,3.88,EG,1699923029
385,parintins,-2.6283,-56.7358,28.62,46,91,1.18,BR,1699922936
386,hastings,50.8552,0.5729,13.86,85,100,12.7,GB,1699922945
387,amahai,-3.3333,128.9167,29.27,70,43,0.74,ID,1699923030
388,howrah,22.5892,88.3103,20.0,88,20,3.09,IN,1699923030
389,yung shue wan,22.2333,114.1167,20.34,74,100,0.45,HK,1699923031
390,kapuskasing,49.4169,-82.4331,1.05,93,100,4.12,CA,1699922942
391,hovd,48.0056,91.6419,-5.73,85,100,1.39,MN,1699923026
392,bandon,51.7469,-8.7425,11.77,87,99,9.03,IE,1699923031
393,lerwick,60.1545,-1.1494,7.96,70,92,6.08,GB,1699923032
394,mana,5.6592,-53.7767,26.64,85,5,4.14,GF,1699923032
395,chabahar,25.2919,60.643,24.81,52,2,2.21,IR,1699923032
396,hadibu,12.65,54.0333,26.19,86,85,4.98,YE,1699923033
397,vylkove,45.4021,29.586,6.64,55,13,3.31,UA,1699923033
398,turtas,58.9417,69.1325,-0.16,91,100,5.1,RU,1699923033
399,montepuez,-13.1256,38.9997,21.2,90,100,1.42,MZ,1699923033
400,richards bay,-28.783,32.0377,17.66,83,100,4.74,ZA,1699923033
401,cacoal,-11.4386,-61.4472,26.1,74,29,2.93,BR,1699922876
402,saldanha,-33.0117,17.9442,19.03,74,10,4.01,ZA,1699923034
403,borculo,52.1158,6.5222,12.39,85,100,10.82,NL,1699923034
404,isla del bosque,22.7333,-105.85,26.13,76,0,3.81,MX,1699923034
405,kavaratti,10.5669,72.642,27.36,71,44,1.43,IN,1699923034
406,paoy paet,13.6561,102.5625,25.19,88,92,4.43,KH,1699923034
407,ancud,-41.8697,-73.8203,6.74,71,28,4.2,CL,1699923035
408,atlanta,33.749,-84.388,14.29,70,0,0.0,US,1699922893
409,tamanrasset,22.785,5.5228,14.95,25,0,2.06,DZ,1699923035
410,barrancas,10.9576,-72.7877,25.42,98,100,1.54,CO,1699923035
411,fortaleza,-3.7227,-38.5247,28.37,79,40,6.17,BR,1699922857
412,chonchi,-42.6128,-73.8092,6.56,88,68,1.53,CL,1699923035
413,burlington,39.8835,-74.6413,8.21,70,20,0.0,US,1699923036
414,knokke-heist,51.3333,3.3333,13.34,76,92,12.26,BE,1699923036
415,pisco,-13.7,-76.2167,20.01,88,0,5.14,PE,1699923036
416,czarna bialostocka,53.3051,23.2815,1.38,94,100,2.97,PL,1699923036
417,al hilaliyya,14.9398,33.234,30.08,31,100,4.24,SD,1699923036
418,karratha,-20.7377,116.8463,26.67,41,6,6.17,AU,1699923036
419,manga,11.6636,-1.0731,24.8,18,50,2.83,BF,1699923037
420,lospalos,-8.5186,127.0025,30.64,46,16,2.02,TL,1699923037
421,baijiantan,45.6333,85.1833,4.54,51,32,6.81,CN,1699923037
422,international falls,48.6011,-93.411,2.24,83,100,1.54,US,1699923037
423,khovd,48.0056,91.6419,-5.73,85,100,1.39,MN,1699923037
424,kanchanaburi,14.6333,99.1,24.34,92,99,3.87,TH,1699923037
425,likhoslavl',57.1275,35.464,3.81,97,100,3.99,RU,1699923038
426,kisiwani,-4.1333,37.95,20.85,96,56,0.48,TZ,1699923038
427,faya-largeau,17.9257,19.1043,25.19,19,88,11.05,TD,1699922981
428,cowdenbeath,56.1119,-3.3443,6.91,93,75,0.51,GB,1699923038
429,puerto baquerizo moreno,-0.9,-89.6,23.66,84,100,4.9,EC,1699923038
430,zambezi,-13.5432,23.1047,21.67,70,100,1.59,ZM,1699923039
431,ust-tsilma,65.441,52.1498,-5.22,95,100,1.34,RU,1699923039
432,paracuru,-3.41,-39.0306,27.28,78,98,4.67,BR,1699922904
433,bel ombre,-4.6167,55.4167,27.91,78,20,2.06,SC,1699922855
434,leava,-14.3,-178.1667,28.74,82,100,7.0,WF,1699923039
435,nadym,65.5333,72.5167,-15.85,96,100,3.93,RU,1699923039
436,williston,48.147,-103.618,7.95,48,100,2.87,US,1699923040
437,ketchikan,55.3422,-131.6461,5.99,70,0,1.54,US,1699923040
438,camacupa,-12.0167,17.4833,17.74,84,64,0.97,AO,1699923040
439,severo-yeniseyskiy,60.3725,93.0408,-10.64,94,100,3.49,RU,1699923040
440,ain oussera,35.4514,2.9058,14.17,40,1,0.91,DZ,1699923040
441,hornostayivka,47.0078,33.729,8.11,66,12,2.53,UA,1699923041
442,namtsy,62.7161,129.6658,-25.69,100,98,0.96,RU,1699923041
443,trincomalee,8.5711,81.2335,26.1,84,99,1.65,LK,1699923041
444,al jawf,29.5,38.75,20.87,52,0,4.59,SA,1699923041
445,bukama,-9.2,25.85,20.98,99,100,0.96,CD,1699923041
446,kailua-kona,19.6406,-155.9956,30.28,73,40,5.14,US,1699923041
447,botelhos,-21.6333,-46.395,23.42,48,26,0.94,BR,1699923041
448,muroto-misakicho,33.2833,134.15,13.25,51,0,0.76,JP,1699923042
449,phra phutthabat,14.7253,100.7954,26.96,78,20,7.64,TH,1699923042
450,mossel bay,-34.1831,22.146,13.96,85,4,8.6,ZA,1699923042
451,morpeth,55.1676,-1.6912,9.32,93,20,6.17,GB,1699923042
452,alupka,44.4167,34.05,8.03,88,100,0.87,UA,1699923042
453,la passe,45.5549,-0.8967,16.13,95,100,6.01,FR,1699923042
454,praia da vitoria,38.7333,-27.0667,15.98,94,20,1.2,PT,1699923043
455,el granada,37.5027,-122.4694,18.58,74,0,4.12,US,1699923043
456,mabaruma,8.2,-59.7833,25.37,85,19,2.14,GY,1699923043
457,conceicao do araguaia,-8.2578,-49.2647,28.01,42,0,2.21,BR,1699923043
458,chudey,48.0525,25.6221,4.25,79,46,2.47,UA,1699923043
459,tra mhor,52.1624,-7.1524,12.27,89,100,2.68,IE,1699923043
460,moroni,-11.7022,43.2551,26.26,81,56,1.54,KM,1699923043
461,mugia,43.1041,-9.2179,18.84,96,100,12.53,ES,1699923044
462,ngaoundere,7.3167,13.5833,19.4,83,32,1.58,CM,1699923044
463,khandyga,62.6667,135.6,-28.01,99,65,1.32,RU,1699923044
464,tekkali,18.6167,84.2333,21.98,76,100,2.71,IN,1699923044
465,pacasmayo,-7.4006,-79.5714,19.98,82,17,7.01,PE,1699923044
466,nema,57.5067,50.5011,3.42,97,100,5.13,RU,1699923044
467,omdurman,15.6445,32.4777,30.31,23,47,5.48,SD,1699923045
468,newman,37.3138,-121.0208,23.19,48,99,0.45,US,1699923045
469,hailar,49.2,119.7,-13.39,91,24,3.19,CN,1699923045
470,amga,60.8953,131.9608,-23.29,100,100,0.92,RU,1699923045
471,ebaye,8.7748,167.7392,31.01,74,40,7.2,MH,1699923045
472,semera,11.501,41.201,23.19,63,79,3.9,ET,1699923045
473,gazli,40.1333,63.45,6.94,42,100,5.22,UZ,1699923045
474,fort bragg,35.139,-79.006,10.75,79,0,0.0,US,1699923046
475,pacific grove,36.6177,-121.9166,15.76,79,10,2.68,US,1699923046
476,sandpoint,48.2766,-116.5533,6.36,88,100,4.12,US,1699923046
477,rach gia,10.0167,105.0833,26.56,86,73,3.88,VN,1699923046
478,choma,-16.8065,26.9531,21.23,41,64,2.67,ZM,1699923046
479,kenora,49.8167,-94.4337,2.54,80,75,3.09,CA,1699923046
480,shalqar,47.8333,59.6,4.95,80,100,6.07,KZ,1699923046
481,valparaiso,-33.0393,-71.6273,15.8,55,0,5.66,CL,1699923047
482,naze,28.3667,129.4833,16.51,59,80,3.74,JP,1699923047
483,mount pearl,47.5166,-52.7813,0.08,82,75,3.6,CA,1699923047
484,challapata,-18.9,-66.7667,13.89,19,0,6.85,BO,1699923047
485,machakos,-1.5167,37.2667,16.97,98,95,0.81,KE,1699923047
486,timimoun,29.2639,0.231,19.21,20,0,4.12,DZ,1699923047
487,todos santos,23.45,-110.2167,26.91,67,9,0.96,MX,1699923048
488,chela,34.069,104.4619,2.25,77,65,0.81,CN,1699923048
489,magong,23.5654,119.5863,22.17,76,92,12.72,TW,1699923048
490,labytnangi,66.6572,66.4183,-20.01,100,100,0.57,RU,1699923048
491,yaren,-0.5472,166.916,27.98,79,100,11.88,NR,1699923048
492,jiuquan,39.7432,98.5174,0.46,37,11,1.84,CN,1699923048
493,kharan,28.5833,65.4167,17.33,28,0,2.89,PK,1699923048
494,hajdusamson,47.6,21.7667,7.82,93,100,5.66,HU,1699923049
495,san andres,12.5847,-81.7006,28.01,83,20,1.03,CO,1699923049
496,sawakin,19.1059,37.3321,28.11,75,9,0.2,SD,1699923049
497,bichura,50.5881,107.6022,-7.71,76,100,1.0,RU,1699923049
498,liberal,37.0431,-100.921,11.08,46,0,3.09,US,1699923049
499,mandal,25.45,74.5667,18.39,41,100,0.8,IN,1699923049
500,ivins,37.1686,-113.6794,17.59,26,100,1.13,US,1699923049
501,revda,56.801,59.9303,2.39,96,100,4.93,RU,1699923050
502,kuluncak,38.8828,37.6728,10.51,70,100,3.51,TR,1699923050
503,acapulco de juarez,16.8634,-99.8901,29.9,66,0,4.63,MX,1699923050
504,illapel,-31.6308,-71.1653,14.59,66,0,1.08,CL,1699923050
505,kichmengskiy gorodok,59.9816,45.7854,3.86,97,100,4.47,RU,1699923050
506,pyapon,16.2833,95.6833,25.61,88,96,2.55,MM,1699923050
507,venado,22.9333,-101.0833,16.57,81,66,2.97,MX,1699923050
508,sao felix do xingu,-6.6447,-51.995,27.53,45,1,1.27,BR,1699923051
509,podgornoye,51.735,39.1496,5.92,87,0,3.0,RU,1699923051
510,mermoz boabab,14.7065,-17.4758,25.88,78,0,3.09,SN,1699923051
511,fuqing,25.725,119.3794,14.87,70,100,2.83,CN,1699923051
512,rancho palos verdes,33.7445,-118.387,22.64,74,75,5.66,US,1699923052
513,onega,63.9061,38.1404,-4.13,92,92,3.18,RU,1699923052
514,rokupr,8.6717,-12.395,24.56,90,100,0.86,SL,1699923052
515,zelenokumsk,44.4069,43.8806,9.39,72,100,4.63,RU,1699923052
516,qorovulbozor,39.5006,64.7936,3.84,44,100,2.85,UZ,1699923052
517,darovskoy,58.77,47.9564,2.57,96,100,4.85,RU,1699923052
518,ipatovo,45.7181,42.9036,10.49,59,100,5.73,RU,1699923052
519,nicoya,10.1483,-85.452,24.69,93,100,0.71,CR,1699923052
520,zeya,53.75,127.2667,-9.73,72,100,0.66,RU,1699923054
521,mar del plata,-38.0023,-57.5575,15.53,47,0,8.05,AR,1699922777
522,nola,40.922,14.5329,18.13,90,88,1.38,IT,1699923054
523,xuddur,4.1213,43.8894,22.65,92,100,4.35,SO,1699923054
524,gobabis,-22.45,18.9667,23.19,39,100,2.88,NA,1699923054
525,nabire,-3.3667,135.4833,30.8,60,98,1.89,ID,1699922963
526,red deer,52.2668,-113.802,8.27,49,100,5.66,CA,1699922794
527,borzya,50.3833,116.5167,-13.31,87,52,0.96,RU,1699923055
528,miri,4.4148,114.0089,27.08,89,20,1.54,MY,1699923055
529,tejen,37.3834,60.5054,13.17,44,15,4.7,TM,1699923055
530,el calafate,-50.3408,-72.2768,3.94,54,100,5.17,AR,1699923056
531,nieves,15.3274,120.9485,27.73,72,38,1.41,PH,1699923056
532,meihekou,42.5272,125.6753,-2.68,74,4,2.28,CN,1699923056
533,mariehamn,60.0973,19.9348,1.92,93,100,1.54,AX,1699923056
534,buulobarde,3.8538,45.5674,24.68,89,34,2.53,SO,1699923056
535,katsuren-haebaru,26.3369,127.8719,22.21,49,75,4.63,JP,1699923057
536,kulhudhuffushi,6.6221,73.07,27.57,74,31,1.93,MV,1699923057
537,gawler,-34.6,138.7333,20.05,61,100,2.28,AU,1699923057
538,suntar,62.1444,117.6319,-7.71,95,100,2.75,RU,1699923057
539,siem reap,13.5,104.0,25.85,88,100,1.41,KH,1699923057
540,otukpa,7.0892,7.6499,23.5,83,100,0.49,NG,1699923057
541,wuwei,37.9281,102.6414,1.99,37,0,0.93,CN,1699923058
542,calvinia,-31.4707,19.776,16.15,35,0,4.74,ZA,1699923058
543,sanghar,26.0466,68.9481,21.77,28,97,2.85,PK,1699923058
544,torquay,50.4638,-3.5143,13.29,82,56,11.25,GB,1699923058
545,berdigestyakh,62.0989,126.6992,-16.6,98,100,1.68,RU,1699923058
546,constitucion,-35.3333,-72.4167,10.35,84,10,6.61,CL,1699923058
547,dongola,19.1667,30.4833,27.24,33,100,5.36,SD,1699923059
548,waverly,42.7392,-84.6208,7.96,60,0,4.63,US,1699922934
549,taourirt,34.4073,-2.8973,18.05,40,100,0.68,MA,1699923059
550,shahr-e babak,30.1165,55.1186,12.07,21,50,3.06,IR,1699923059
551,tindouf,27.6711,-8.1474,20.25,30,0,3.09,DZ,1699923059
552,aasiaat,68.7098,-52.8699,-10.17,83,100,1.56,GL,1699923059
553,ntoum,0.3833,9.7833,23.87,95,99,0.58,GA,1699923059
554,nikolayevsk-on-amure,53.1406,140.73,-6.49,85,100,3.18,RU,1699923060
555,st. paul,44.9444,-93.0933,9.73,54,0,2.06,US,1699923060
556,cruz del eje,-30.7264,-64.8039,19.24,35,0,3.63,AR,1699923060
557,coquimbo,-29.9533,-71.3436,14.85,82,0,3.6,CL,1699923060
558,uige,-7.6087,15.0613,19.27,98,99,1.08,AO,1699923060
559,queenstown,-31.8976,26.8753,10.43,83,95,3.21,ZA,1699923060
560,kallar kahar,32.7833,72.7,14.74,59,0,1.8,PK,1699923060
561,sant lluis,39.8526,4.2594,17.22,100,0,3.6,ES,1699923061
562,geidam,12.897,11.9304,25.98,21,100,4.19,NG,1699923061
563,ghormach,35.7306,63.7826,11.3,49,48,1.37,AF,1699923061
564,de aar,-30.6497,24.0123,11.86,67,0,9.06,ZA,1699923061
565,dwarka,22.2394,68.9678,25.63,41,97,4.92,IN,1699923035
566,lenino,45.2986,35.7771,9.65,87,100,5.42,UA,1699923061
567,algarrobo,10.1869,-74.5753,26.36,91,99,2.98,CO,1699923062
568,gisborne,-38.6533,178.0042,21.25,37,92,5.53,NZ,1699923062
569,yauya,-8.9833,-77.3,12.95,72,100,2.42,PE,1699923062
570,alta,69.9689,23.2717,-10.41,80,100,1.03,NO,1699923062
571,lazaro cardenas,17.9583,-102.2,27.49,78,97,3.06,MX,1699923063
572,verkhnevilyuysk,63.4453,120.3167,-13.44,96,100,2.36,RU,1699923063
